Year,Player,Player ID,Tm,ORB%,DRB%,AST%,STL%,BLK%,Shot%,vectorX,vectorY,dominance
1978,Kareem Abdul-Jabbar,abdulka01,LAL,0.49602144460072606,2.0604747831119603,0.5391847768442772,0.45124839958819707,1.5522656210668964,1.4870992638073142,4.361,-4.006,5338
1978,Bill Walton,waltobi01,POR,0.0380861461362332,3.2269892637497724,1.0157368373485565,-0.2719140446148327,1.5522656210668964,0.8486336248647006,4.677,5.423,1911
1978,Larry Johnson,johnsla01,BUF,-0.7320777649176868,-0.39866385174612967,1.0898671578714443,4.583605223605509,0.7328214180621911,-0.3459149899311577,-6.494,3.645,695
1978,Wayman Britt,brittwa01,DET,0.0797166278148235,0.893960302474148,0.4756445021103732,1.1744108437912264,-0.8475352591611692,2.4550955551074067,4.352,-3.405,419
1979,Moses Malone,malonmo01,HOU,2.6816217327267156,2.107765910705385,-0.7739809009897368,-0.5818408064161309,0.20603585898773763,0.7044639644583042,6.207,3.967,571
1979,Alvan Adams,adamsal01,PHO,0.8706957797080387,1.366871578408396,0.8039359215688768,0.45124839958819707,-0.02809105615646397,0.6838682986859614,4.67,5.229,3692
1979,Micheal Ray Richardson,richami01,NYK,0.12134710949341382,0.011192587396885485,1.0263268831375403,2.2075000497955544,-0.37928142887276617,0.2513593174667711,-5.433,4.968,1987
1979,Earl Williams,williea01,BOS,2.119610230065747,1.9658925279251103,-0.731620717833801,0.3479394789877642,0.1475041302016872,0.6014856355965922,5.816,4.101,1099
1979,Robert Hawkins,hawkiro01,DET,0.9331415022259242,-0.35137272415270476,0.698035463679037,6.546474715013733,-0.8475352591611692,1.8990125792541617,-6.169,-4.469,483
1980,Moses Malone,malonmo01,HOU,2.7648826960838964,1.3511078692105882,-0.6469003515219292,-0.4785318858156983,0.2645675877737879,1.569481926896684,6.195,-4.937,1009
1980,Julius Erving,ervinju01,PHI,0.47520620376143097,-0.13068079538338898,0.8674761963027805,1.1744108437912264,0.7328214180621911,2.084373571205244,-3.976,-5.544,4235
1980,Magic Johnson,johnsma02,LAL,0.16297759117200394,0.2634119345618177,1.269897936284172,1.484337605592525,-0.37928142887276617,0.06599832551568997,-5.083,5.426,1954
1980,Mickey Johnson,johnsmi01,IND,0.7249890938329728,0.5313949909245584,0.581544960000213,1.071101923190794,0.4986945029179894,1.1369729456774937,-1.825,-4.174,4819
1980,Alvan Adams,adamsal01,PHO,0.3919452404042504,1.366871578408396,0.8886562878807488,0.6578662407890624,-0.02809105615646397,0.354337646328483,2.856,5.469,2888
1980,George McGinnis,mcginge01,DEN,0.6833586121543823,1.7136731807601784,1.0051467915595724,0.5545573201886299,-0.49634488644486696,0.7456552960029887,4.713,5.715,2221
1980,Bill Walton,waltobi01,SDC,0.49602144460072606,2.959006207387031,0.24266349475272558,-0.5818408064161309,2.722900196787904,1.1781642772221783,5.12,-4.462,1764
1980,Walt Frazier,fraziwa01,CLE,-0.5447405973640306,-0.8715751276803777,2.4877532020173305,1.7942643673938232,0.32309931655983837,0.14838098860505922,-6.02,4.95,1237
1980,Carl Kilpatrick,kilpaca01,UTA,2.910589381958962,6.710768996465398,-1.398793602539792,-1.7182389330208918,-0.8475352591611692,0.9104206221817279,6.864,6.468,110
1981,Julius Erving,ervinju01,PHI,0.7666195755115629,0.13730226097935144,0.698035463679037,1.1744108437912264,0.7913531468482413,1.7548429188477652,-3.073,-5.349,4809
1981,Alvan Adams,adamsal01,PHO,0.47520620376143097,1.0673611036500392,1.1957676157612842,0.7611751613894953,0.2645675877737879,0.5191029725072223,-3.148,5.205,4170
1981,Magic Johnson,johnsma02,LAL,0.45439096292213593,0.42104902653990006,1.9688409583571154,2.7240446527977187,-0.26221797130066543,0.807442293320016,-5.529,5.425,4817
1981,Ralph Drollinger,drollra01,DAL,0.3919452404042504,1.7294368899579864,1.7358599509994672,-0.9950764888178623,0.1475041302016872,-1.3139112812312495,4.194,6.343,87
1981,Tony Jackson,jacksto02,LAL,-1.3149045084179507,0.13730226097935144,0.3167938152756134,5.203458747208106,-0.8475352591611692,-1.5610592704993584,-6.548,5.862,40
1981,Dave Britton,brittda01,WSB,-1.3149045084179507,1.5402723795842872,3.832689017218296,3.653824938201614,-0.8475352591611692,-0.5724673134269238,-6.395,6.725,138
1981,Monti Davis,davismo01,DAL,4.388471481548916,0.16882967937496815,-1.398793602539792,-1.7182389330208918,3.3082174846484076,3.3407091833181286,6.539,-6.873,117
1981,Roy Hamilton,hamilro01,POR,7.718910015836138,1.2722893232215469,-1.398793602539792,-1.7182389330208918,-0.8475352591611692,3.0111785309606507,7.148,-5.64,127
1982,Moses Malone,malonmo01,HOU,2.3277626384586982,1.177707068034697,-0.668080443099897,-0.5818408064161309,0.3816310453458888,2.084373571205244,6.151,-5.483,846
1982,Micheal Ray Richardson,richami01,NYK,0.0380861461362332,0.18459338857277635,1.5028789436418195,1.7942643673938232,-0.37928142887276617,0.7868466275476733,-5.216,5.061,3284
1982,Magic Johnson,johnsma02,LAL,0.6625433713150872,0.5944498277157912,1.8841205920452428,1.587646526192958,-0.49634488644486696,0.02480699397100535,-4.882,5.892,2206
1982,Larry Bird,birdla01,BOS,0.2878690362077749,1.5245086703864787,0.9839666999816045,0.6578662407890624,-0.1451545137285647,1.1369729456774937,4.009,5.23,3801
1982,Julius Erving,ervinju01,PHI,0.6209128896364972,-0.11491708618558076,0.5180046852663094,1.1744108437912264,0.8498848756342917,1.7960342503924498,-3.706,-5.619,3705
1982,Alvan Adams,adamsal01,PHO,0.058901386975528255,1.0200699760566143,0.9416065168256686,0.6578662407890624,0.2645675877737879,0.6632726329136188,-3.611,4.849,3238
1982,Kurt Rambis,rambiku01,LAL,1.0996634289402851,1.224998195628122,-0.8057510383566888,0.8644840819899281,1.2596069771366445,-1.3139112812312495,-1.526,4.078,208
1982,Roger Burkman,burkmro01,CHI,0.32949951788636517,0.12153855178154324,0.6874454178900529,8.302726365221089,1.318138705922695,-1.4168896100929615,-6.87,4.72,202
1983,Larry Bird,birdla01,BOS,0.14216235033270888,1.650618343968945,0.9733766541926203,0.6578662407890624,-0.08662278494251427,1.1781642772221783,3.839,5.24,3726
1983,Moses Malone,malonmo01,PHI,2.1820559525836325,1.9186014003316854,-0.8587012673016088,-0.2719140446148327,0.9084166044203422,1.2811426060838902,6.001,-4.937,932
1983,Mickey Johnson,johnsmi01,NJN,0.24623855452918456,0.6102135369135997,0.8039359215688768,0.967793002590361,-0.1451545137285647,1.384120934945602,-1.856,3.114,3812
1983,Guy Morgan,morgagu01,IND,1.4743377640475976,2.107765910705385,0.6556752805231009,0.3479394789877642,-0.8475352591611692,1.198759942994521,5.665,5.692,476
1983,Mike Davis,davismi03,NYK,1.2661853556546463,2.5176223498483994,-1.398793602539792,-1.7182389330208918,4.303256874011264,1.1781642772221783,5.826,-6.283,117
1984,Larry Bird,birdla01,BOS,0.14216235033270888,1.3511078692105882,1.3757983941740117,0.6578662407890624,-0.08662278494251427,1.5076949295796567,3.329,5.081,4439
1984,Julius Erving,ervinju01,PHI,0.4127604812435458,0.05848371499031012,0.645085234734117,0.8644840819899281,0.9084166044203422,1.5488862611243415,-3.773,-5.374,3928
1984,Alvan Adams,adamsal01,PHO,0.6625433713150872,0.40528531734209217,0.7509856926239569,0.7611751613894953,-0.1451545137285647,0.45731597519019496,1.386,4.648,2692
1984,Geoff Crompton,crompge01,CLE,4.638254371620459,0.2634119345618177,-0.8269311299346568,0.45124839958819707,0.6742896892761407,0.6426769671412769,6.158,-5.444,506
1984,Bob Miller,millebo01,SAS,4.326025759031031,4.015174723640185,0.42269427316545327,-1.7182389330208918,2.957027111932106,-0.3459149899311577,6.43,5.415,211
1985,Larry Bird,birdla01,BOS,-0.06599005806024248,1.3983989968040131,1.322848165229092,0.24463055838733128,0.1475041302016872,1.8784169134818198,4.099,4.457,3521
1985,Clyde Drexler,drexlcl01,POR,0.6625433713150872,-0.38290014254832117,1.1851775699723,1.587646526192958,0.030440672629586465,0.7868466275476733,-4.899,-1.03,3103
1985,Alvan Adams,adamsal01,PHO,0.3919452404042504,0.6890320829026411,0.9098363794587166,0.8644840819899281,-0.08662278494251427,0.7456552960029887,-2.874,4.754,3567
1985,Don Collins,collido02,WSB,1.1412939106188755,-0.39866385174612967,-0.3291989778524096,2.1041911291951223,0.6157579604900902,0.23076365169442917,-4.787,-5.267,792
1985,Chuck Nevitt,nevitch01,LAL,0.9123262613866288,1.9974199463207267,-0.8057510383566888,-1.7182389330208918,7.171311584527732,-0.4488933187928696,3.144,-6.52,107
1985,Ralph Jackson,jacksra01,IND,0.49602144460072606,-2.1641992819006552,3.0172554914665297,6.133239032612001,-0.8475352591611692,-1.3139112812312495,-6.742,5.914,40
1986,Larry Bird,birdla01,BOS,0.18379283201129917,1.0515973944522308,1.386388439962996,0.8644840819899281,-0.3207497000867158,1.6312689242137113,2.625,4.935,4114
1986,Charles Barkley,barklch01,PHI,1.4743377640475976,1.839782854342644,0.2956137236976455,1.1744108437912264,0.5572262317040398,0.29255064901145644,4.554,5.066,4584
1986,Hakeem Olajuwon,olajuha01,HOU,1.6824901724405488,0.9570151392653815,-0.5515899394210733,0.8644840819899281,2.1961146377134506,1.301738271856233,4.732,-5.939,3102
1986,Jerry Reynolds,reynoje01,MIL,0.3919452404042504,-0.6981743265044865,0.9416065168256686,2.4141178909964203,0.4401627741319392,0.04540265974334729,-5.72,-3.424,1142
1986,Michael Jordan,jordami01,CHI,-0.1492510214174231,-0.477482397735171,0.8992463336697325,2.310808970395987,0.7328214180621911,3.773218164537319,-5.099,-6.217,2839
1986,Ken Green,greenke01,NYK,2.431838842655174,1.7294368899579864,-0.9328315878244966,1.071101923190794,-0.8475352591611692,0.3749333121008257,5.803,5.052,140
1986,Claude Gregory,gregocl01,WSB,19.500336330877186,-2.1641992819006552,-1.398793602539792,23.282519852283844,-0.8475352591611692,5.276701765918312,-4.712,-6.887,95
1987,Michael Jordan,jordami01,CHI,-0.1492510214174231,-0.6981743265044865,0.9521965626146525,2.000882208594689,0.4986945029179894,3.8350051618543453,-4.881,-6.216,2154
1987,Fat Lever,leverfa01,DEN,0.14216235033270888,0.7993780472872988,1.6829097220545477,1.381028684992092,-0.49634488644486696,0.5808899698242496,-4.747,5.686,2769
1987,Charles Barkley,barklch01,PHI,2.161240711744337,1.7452005991557948,0.613315097367165,0.45124839958819707,0.4401627741319392,0.41612464364551033,5.427,5.22,4527
1987,Don Collins,collido02,MIL,3.0979265495126183,-0.9188662552738023,-0.8692913130905927,0.038012717186465726,-0.203686242514615,1.2605469403115483,5.934,-5.856,91
1987,Joe Binion,biniojo01,POR,2.431838842655174,1.2092344864303133,-1.1552225493931605,0.14132163778689863,0.4401627741319392,-1.0461676261907988,5.613,4.404,66
1987,Cozell McQueen,mcqueco01,DET,8.551519649407943,9.61129148886212,-1.398793602539792,-1.7182389330208918,3.952066501294962,0.23076365169442917,7.239,6.204,132
1988,Michael Jordan,jordami01,CHI,-0.31577294813178414,-0.477482397735171,1.4605187604858838,2.310808970395987,0.5572262317040398,3.0111785309606507,-5.472,-5.761,3403
1988,Fat Lever,leverfa01,DEN,0.0797166278148235,0.43681273573770857,1.5770092641647078,1.6909554467933903,-0.6134083440169676,0.6014856355965922,-5.065,5.518,1989
1988,Larry Bird,birdla01,BOS,-0.3574034298103745,1.3511078692105882,1.322848165229092,0.45124839958819707,-0.203686242514615,2.249138897383983,3.789,4.357,2977
1988,Magic Johnson,johnsma02,LAL,-0.4822948748461452,0.16882967937496815,3.4090871856589366,0.45124839958819707,-0.671940072803018,0.6014856355965922,-5.261,6.104,1254
1988,Roy Tarpley,tarplro01,DAL,2.2861321567801083,2.2181118750900426,-0.8057510383566888,0.5545573201886299,0.3816310453458888,0.3955289778731684,5.787,4.367,1047
1988,Ron Harper,harpero01,CLE,-0.4406643931675549,-0.5878283621198287,1.1004572036604285,1.6909554467933903,0.1475041302016872,0.7662509617753307,-5.589,-3.914,1812
1988,Andre Moore,moorean01,DEN,1.7865663766370246,1.3826352876062045,0.6874454178900529,1.071101923190794,0.1475041302016872,2.969987199415966,5.515,-4.862,6623
1988,Walker Russell,russewa01,DET,-1.3149045084179507,-2.1641992819006552,9.191252186444192,-1.7182389330208918,-0.8475352591611692,5.235510434373628,-5.413,5.781,88
1989,Michael Jordan,jordami01,CHI,-0.17006626225671817,0.5629224093201748,2.2759522862376507,2.000882208594689,-0.1451545137285647,2.4962868866520913,-5.146,4.106,5521
1989,Hakeem Olajuwon,olajuha01,HOU,1.224554873976056,2.1235296199031928,-0.5304098478431053,1.6909554467933903,2.3717098240716017,1.7136515873030806,3.993,-5.724,4091
1989,Magic Johnson,johnsma02,LAL,-0.3574034298103745,0.6732683737048326,3.7479686509064245,0.6578662407890624,-0.6134083440169676,0.7456552960029887,-5.238,6.266,1930
1989,Fat Lever,leverfa01,DEN,0.0797166278148235,0.8151417564851068,1.4499287146968995,1.587646526192958,-0.6134083440169676,0.6014856355965922,-4.811,5.634,1898
1989,John Williams,willijo02,WSB,0.12134710949341382,0.925487720869765,0.8145259673578605,1.1744108437912264,0.1475041302016872,0.33374198055614107,-4.515,5.045,2884
1989,Ennis Whatley,whatlen01,LAC,-0.8153387282748674,0.4525764449355171,2.0323812330910185,2.000882208594689,-0.49634488644486696,0.08659399128803265,-5.807,5.874,1200
1989,Rolando Ferreira,ferrero01,POR,1.2661853556546463,2.5176223498483994,-1.0493220915033206,-1.7182389330208918,0.1475041302016872,1.693055921530738,6.319,-3.842,120
1989,John Stroeder,stroejo01,GSW,3.909720942245129,4.897942438717448,0.4968245936883411,-1.7182389330208918,2.3717098240716017,-1.3756982785482768,6.391,6.291,94
1989,Andre Turner,turnean01,MIL,-1.3149045084179507,2.107765910705385,-1.398793602539792,6.029930112011568,-0.8475352591611692,0.6014856355965922,-6.19,4.771,70
1989,Steve Harris,harrist01,DET,-1.3149045084179507,2.691023151024291,-1.398793602539792,5.72000335021027,-0.8475352591611692,2.825817539009569,-5.757,-4.443,97
1990,Michael Jordan,jordami01,CHI,-0.21169674393530846,0.2949393529574341,1.6299594931096277,1.8975732879942562,-0.203686242514615,2.928795867871281,-4.805,-4.595,4548
1990,Hakeem Olajuwon,olajuha01,HOU,0.8290652980294485,2.296930421079084,-0.1173980620727299,0.967793002590361,3.2496857558623575,1.6106732584413688,3.254,-5.797,5750
1990,Larry Bird,birdla01,BOS,-0.5655558382033258,1.3353441600127796,1.6617296304765794,0.14132163778689863,-0.1451545137285647,1.590077592669026,-0.182,5.253,2139
1990,Magic Johnson,johnsma02,LAL,-0.23251198477460353,0.16882967937496815,3.4196772314479205,0.5545573201886299,-0.4378131576588166,0.9104206221817279,-5.164,5.947,2788
1990,Darrell Walker,walkeda01,WSB,0.017270905296938133,1.0515973944522308,1.6087794015316594,0.6578662407890624,-0.49634488644486696,-1.0461676261907988,-4.791,6.246,285
1990,Fat Lever,leverfa01,DEN,0.35031475872566026,0.9570151392653815,1.227537753128236,1.071101923190794,-0.671940072803018,0.7456552960029887,-2.754,5.559,1390
1990,Alvin Robertson,roberal01,MIL,0.7666195755115629,0.15306597017715967,1.3122581194401082,2.310808970395987,-0.6134083440169676,0.18957232014974457,-5.154,5.448,1502
1990,Nate Johnston,johnsna01,POR,1.994718785029976,0.18459338857277635,-1.1975827325490962,0.24463055838733128,2.5473050104297528,1.2399512745392056,5.191,-6.378,141
1990,Jawann Oldham,oldhaja01,ORL,1.058032947261695,3.085115880969497,-1.398793602539792,0.967793002590361,1.8449242649971482,-2.17892924366963,3.497,5.515,27
1990,Torgeir Bryn,brynto01,LAC,-1.3149045084179507,1.3983989968040131,-1.398793602539792,8.302726365221089,2.664368468001854,0.6632726329136188,-6.828,-6.013,76
1990,Chuck Nevitt,nevitch01,HOU,-1.3149045084179507,3.290044100541005,0.3909241357985012,-1.7182389330208918,2.957027111932106,-1.4786766074099886,-3.624,5.601,45
1991,Michael Jordan,jordami01,CHI,-0.3574034298103745,0.09001113338592681,1.269897936284172,2.1041911291951223,0.1475041302016872,2.8464132047819115,-5.143,-5.304,3951
1991,Scottie Pippen,pippesc01,CHI,0.0380861461362332,0.4525764449355171,1.0898671578714443,1.587646526192958,0.2645675877737879,0.47791164096253763,-5.177,4.595,3460
1991,Magic Johnson,johnsma02,LAL,-0.4198491523282598,0.49986757252894143,3.8220989714293117,0.14132163778689863,-0.671940072803018,0.41612464364551033,-5.129,6.331,969
1991,Charles Barkley,barklch01,PHI,1.1412939106188755,0.7678506288916824,0.782755829990909,0.5545573201886299,-0.37928142887276617,1.8990125792541617,5.152,1.569,3328
1991,Larry Bird,birdla01,BOS,-0.7320777649176868,1.0515973944522308,1.3440282568070598,0.6578662407890624,0.030440672629586465,0.828037959092358,-4.742,5.243,1757
1991,Hakeem Olajuwon,olajuha01,HOU,1.058032947261695,2.296930421079084,-0.3186089320634256,1.2777197643916594,2.8984953831460554,1.0957816141328092,2.981,-5.513,5146
1991,Nate McMillan,mcmilna01,SEA,-0.10762053973883279,0.23188451616620098,2.074741416246954,2.000882208594689,-0.3207497000867158,-1.2521242839142226,-5.86,6.166,270
1991,Stojko Vrankovic,vrankst01,BOS,0.9539567430652193,1.3195804508149718,-1.0705021830812884,-1.4083121712195934,5.005637619443869,-0.20174532952476115,4.569,-6.326,91
1991,Irving Thomas,thomair01,LAL,1.9530883033513857,0.5944498277157912,0.030862578973045916,0.24463055838733128,-0.5548766152309174,1.590077592669026,5.728,-3.936,1185
1991,Scott Meents,meentsc01,SEA,0.0797166278148235,0.35799418974866726,0.7403956468349728,5.100149826607673,2.0205194513553,1.5076949295796567,-6.306,-5.699,4592
1991,Chris Munk,munkch01,UTA,3.202002753709094,3.2427529729475797,-0.8798813588795766,0.038012717186465726,1.6693290786389972,0.5396986382795649,6.146,2.986,1304
1991,Dan Godfread,godfrda01,MIN,-1.3149045084179507,-0.2094993413724303,-1.398793602539792,0.967793002590361,6.585994296667228,2.7640305416925424,-5.889,-7.203,67
1992,Scottie Pippen,pippesc01,CHI,0.12134710949341382,0.3264667713530508,1.333438211018076,0.8644840819899281,0.20603585898773763,1.0339946168157819,-4.434,3.959,4239
1992,Michael Jordan,jordami01,CHI,-0.5863710790426209,0.2476482253640095,1.322848165229092,1.381028684992092,0.030440672629586465,2.619860881286145,-4.804,-4.892,3032
1992,Clyde Drexler,drexlcl01,POR,0.058901386975528255,-0.08338966778996433,1.7676300883664189,0.7611751613894953,0.08897240141563689,1.8372255819371353,-4.336,-3.421,4389
1992,David Robinson,robinda01,SAS,1.0164024655831045,1.6190909255733286,-0.20211842838460167,1.484337605592525,3.483812671006559,1.1369729456774937,-4.305,-5.975,5622
1992,Shawn Kemp,kempsh01,SEA,2.119610230065747,1.9501288187273023,-0.6257202599439611,0.24463055838733128,1.7278608074250479,0.8692292906370426,5.615,-5.056,2977
1992,LeRon Ellis,ellisle02,LAC,1.3702615598511219,-0.11491708618558076,-1.2505329614940162,1.2777197643916594,2.3717098240716017,1.6312689242137113,3.401,-6.49,124
1992,Keith Owens,owenske01,LAL,1.0164024655831045,-0.5720646529220206,-0.8269311299346568,1.587646526192958,0.9669483332063926,0.7662509617753307,-4.015,-5.952,189
1992,Cliff Robinson,robincl01,LAL,0.787434816350858,0.6417409553092162,0.4438743647434211,1.6909554467933903,-0.8475352591611692,0.18957232014974457,-3.388,5.368,342
1992,Stephen Thompson,thompst01,SAC,1.9114578216727955,-0.5878283621198287,0.05204267055101381,2.2075000497955544,0.4986945029179894,0.9104206221817279,-3.738,-5.477,1302
1992,Ron Grandison,grandro01,CHH,1.3286310781725315,3.3530989373322377,-0.8904714046685608,0.24463055838733128,0.4986945029179894,-0.5312759818822392,5.599,5.726,387
1992,Myron Brown,brownmy01,MIN,-1.3149045084179507,0.18459338857277635,2.6889640720080257,0.5545573201886299,-0.8475352591611692,-1.0461676261907988,-5.778,6.371,67
1992,Gary Leonard,leonaga01,ATL,3.680753293012882,0.46834015413332497,0.030862578973045916,2.2075000497955544,-0.8475352591611692,1.1575686114498365,5.6,3.186,423
1992,Bob Thornton,thornbo01,UTA,6.9071156231036275,-2.1641992819006552,-1.398793602539792,-1.7182389330208918,-0.8475352591611692,8.324860300224987,7.158,-7.21,77
1992,Larry Robinson,robinla01,BOS,6.698963214710676,-2.1641992819006552,1.0263268831375403,-1.7182389330208918,-0.8475352591611692,4.0409618195777695,6.833,-6.276,99
1993,Hakeem Olajuwon,olajuha01,HOU,0.8706957797080387,1.9186014003316854,0.27443363211967764,0.7611751613894953,2.957027111932106,1.857821247709477,3.669,-5.775,7182
1993,Scottie Pippen,pippesc01,CHI,0.20460807285059424,0.35799418974866726,1.1428173868163642,1.2777197643916594,0.08897240141563689,0.8898249564093853,-4.677,4.173,4175
1993,Michael Jordan,jordami01,CHI,-0.2949577072924889,0.21612080696839278,1.269897936284172,2.1041911291951223,-0.08662278494251427,3.217135188684075,-4.855,-5.31,4022
1993,Stephen Howard,howarst01,UTA,1.1412939106188755,0.10577484258373503,-0.8269311299346568,1.2777197643916594,0.9084166044203422,0.6220813013689341,2.981,-5.623,426
1993,Jerome Lane,laneje01,CLE,2.702436973566011,1.2092344864303133,0.3697440442205333,2.5174268115968528,-0.1451545137285647,0.5191029725072223,4.551,5.001,3592
1993,Moses Malone,malonmo01,MIL,3.722383774691472,2.076238492309768,-0.3821492067973295,-1.2016943300187277,2.07905118014135,1.4047166007179448,6.368,-5.395,469
1993,Eric Anderson,anderer01,NYK,1.9322730625120903,0.925487720869765,-0.3503790694303775,1.8975732879942562,0.030440672629586465,1.466503598034972,4.942,-4.735,2697
1993,Bart Kofoed,kofoeba01,BOS,-1.3149045084179507,-1.7385791335598324,1.831170363100323,0.8644840819899281,0.030440672629586465,0.8486336248647006,-5.876,-4.578,67
1993,Kenny Battle,battlke01,BOS,4.430101963227507,0.2791756437596259,-0.29742884048545754,0.038012717186465726,-0.8475352591611692,0.9516119537264126,6.326,-2.773,222
1993,Alan Ogg,oggal01,MIL,-0.3990339114889646,1.366871578408396,0.8886562878807488,0.24463055838733128,3.5423443997926096,0.02480699397100535,-5.381,-5.085,1281
1993,Ricky Blanton,blantri01,CHI,2.265316915940813,-0.713938035702295,-0.13857815365069778,6.546474715013733,-0.8475352591611692,1.466503598034972,-5.835,-5.2,236
1994,Hakeem Olajuwon,olajuha01,HOU,0.3919452404042504,1.5087449611886707,0.3379739068535813,0.3479394789877642,2.4887732816437027,2.043182239660559,3.731,-5.799,4634
1994,David Robinson,robinda01,SAS,0.5168366854400215,1.0358336852544228,0.8886562878807488,0.6578662407890624,2.3131780952855516,2.537478218196776,1.705,-5.884,6372
1994,Scottie Pippen,pippesc01,CHI,0.20460807285059424,0.893960302474148,1.2063576615502682,2.4141178909964203,-0.02809105615646397,1.4870992638073142,-5.086,4.376,5306
1994,Shawn Kemp,kempsh01,SEA,1.6408596907619586,1.7294368899579864,-0.08562792470577787,1.1744108437912264,1.8449242649971482,0.7662509617753307,4.437,-4.783,6115
1994,Chris Webber,webbech01,GSW,1.5575987274047782,0.5156312817267499,0.4121042273764695,0.14132163778689863,1.5522656210668964,0.828037959092358,4.715,-5.187,3628
1994,Nate McMillan,mcmilna01,SEA,-0.6696320423998015,0.15306597017715967,1.4922888978528357,4.27367846180421,-0.37928142887276617,-1.3756982785482768,-6.417,6.034,132
1994,Oliver Miller,milleol01,PHO,0.5376519262793166,1.1304159404412721,0.6239051431561492,0.6578662407890624,2.3717098240716017,-0.840210968467375,-4.999,3.343,1006
1994,Moses Malone,malonmo01,PHI,2.598360769369535,1.2092344864303133,-0.4562795273202173,-0.7884586476169966,0.1475041302016872,0.7868466275476733,6.12,-3.144,593
1994,Ervin Johnson,johnser02,SEA,2.910589381958962,2.5176223498483994,-1.0175519541363685,0.14132163778689863,2.430241552857652,0.6426769671412769,5.901,-5.266,809
1994,Reggie Jordan,jordare01,LAL,2.53591504685165,-0.713938035702295,0.20030331159678963,1.071101923190794,-0.1451545137285647,0.8692292906370426,5.027,-5.028,995
1994,Stanley Jackson,jacksst01,MIN,1.9530883033513857,0.7836143380894903,1.8205803173113388,1.1744108437912264,-0.8475352591611692,0.02480699397100535,4.257,6.042,532
1994,Chris King,kingch01,SEA,0.12134710949341382,0.011192587396885485,0.7721657842019248,0.6578662407890624,-0.8475352591611692,2.7640305416925424,4.499,-4.94,397
1994,Malcolm Mackey,mackema01,PHO,2.8065131777624868,0.893960302474148,-1.165812595182144,-1.7182389330208918,0.7328214180621911,1.7342472530754232,6.408,-5.818,109
1994,Eric Anderson,anderer01,NYK,2.390208360976584,2.769841697013332,-0.4986397104761533,-1.7182389330208918,0.20603585898773763,2.043182239660559,6.503,1.308,203
1994,Andres Guibert,guibean01,MIN,6.261843157085479,1.1146522312434641,-0.2868387946964736,-1.7182389330208918,0.2645675877737879,2.8464132047819115,6.906,-5.637,222
1994,Geert Hammink,hammige01,ORL,6.55325652883561,-2.1641992819006552,5.474146114510814,-1.7182389330208918,-0.8475352591611692,5.462062757869395,6.636,-5.08,123
1995,David Robinson,robinda01,SAS,0.5792824079579066,1.3983989968040131,0.05204267055101381,0.5545573201886299,2.6058367392158037,2.146160568522271,3.867,-6.005,4959
1995,Scottie Pippen,pippesc01,CHI,0.12134710949341382,0.704795792100449,1.0157368373485565,2.4141178909964203,0.4401627741319392,1.2605469403115483,-5.322,1.224,5093
1995,Shaquille O'Neal,onealsh01,ORL,1.4535225232083027,1.2565256140237384,0.009682487395078022,-0.3752229652152654,1.786392536211098,2.619860881286145,5.663,-5.955,3331
1995,Patrick Ewing,ewingpa01,NYK,0.058901386975528255,2.170820747496618,0.1261729910739018,-0.4785318858156983,1.5522656210668964,2.166756234294613,5.235,-5.166,1297
1995,Hakeem Olajuwon,olajuha01,HOU,0.20460807285059424,1.4772175427930543,0.42269427316545327,0.7611751613894953,2.6058367392158037,2.434499889335064,-2.526,-5.955,4726
1995,Vlade Divac,divacvl01,LAL,0.8290652980294485,1.366871578408396,0.5074146394773252,0.3479394789877642,1.6693290786389972,0.23076365169442917,3.006,-1.435,3770
1995,Nate McMillan,mcmilna01,SEA,-0.5239253565247355,-0.05186224939434764,1.4605187604858838,2.4141178909964203,0.32309931655983837,-1.4992722731823311,-6.134,5.761,115
1995,Chris Webber,webbech01,WSB,0.9331415022259242,0.7363232104960654,0.8780662420917646,0.3479394789877642,0.8498848756342917,1.198759942994521,4.247,-3.993,5034
1995,Michael Jordan,jordami01,CHI,-0.3990339114889646,0.38952160814428366,1.163997478394332,0.6578662407890624,0.030440672629586465,3.031774196732993,1.902,-5.225,3126
1995,Dontonio Wingfield,wingfdo01,SEA,2.0987949892264517,2.1550570382988092,-0.7633908552007529,1.484337605592525,0.8498848756342917,2.7640305416925424,5.717,-5.61,2000
1995,Mark Strickland,stricma01,IND,4.388471481548916,1.9816562371229187,-1.398793602539792,-1.7182389330208918,4.186193416439163,0.7250596302306461,6.41,-6.275,125
1995,Darrell Armstrong,armstda01,ORL,1.7657511357977298,-2.1641992819006552,6.660231242877019,4.790223064806375,-0.8475352591611692,6.471250380714172,-5.937,-4.935,136
1995,Ron Grandison,grandro01,NYK,8.197660555139926,2.296930421079084,2.80545457568685,-1.7182389330208918,-0.8475352591611692,1.384120934945602,6.984,6.328,298
1995,Darnell Mee,meeda01,DEN,-1.3149045084179507,0.13730226097935144,2.6677839804300576,5.100149826607673,-0.8475352591611692,2.4756912208797486,-6.402,4.977,221
1996,Grant Hill,hillgr01,DET,-0.2949577072924889,1.5245086703864787,1.9264807752011788,0.038012717186465726,-0.1451545137285647,1.198759942994521,2.695,5.686,2363
1996,Karl Malone,malonka01,UTA,0.16297759117200394,1.650618343968945,0.782755829990909,0.7611751613894953,0.030440672629586465,2.2079475658392975,4.537,3.215,4309
1996,Michael Jordan,jordami01,CHI,-0.1492510214174231,0.18459338857277635,0.8462961047248126,1.484337605592525,-0.26221797130066543,2.9493915336436234,-3.608,-5.318,3181
1996,David Robinson,robinda01,SAS,1.2453701148153513,1.650618343968945,0.1473530826518697,0.24463055838733128,2.8984953831460554,2.0225865738882165,4.886,-5.949,6466
1996,Hakeem Olajuwon,olajuha01,HOU,0.20460807285059424,1.6190909255733286,0.5391847768442772,0.45124839958819707,2.254646366499501,2.4139042235627213,3.645,-5.731,4492
1996,Charles Barkley,barklch01,PHO,0.9539567430652193,1.7767280175514113,0.4438743647434211,0.5545573201886299,0.08897240141563689,1.569481926896684,5.202,4.246,4801
1996,Shawn Bradley,bradlsh01,NJN,0.787434816350858,0.9097240116719566,-0.8692913130905927,-0.5818408064161309,4.771510704299667,0.6220813013689341,2.965,-6.487,454
1996,Shaquille O'Neal,onealsh01,ORL,0.9955872247438093,1.650618343968945,0.28502367790866157,-0.7884586476169966,1.7278608074250479,2.6816478786031723,5.688,-5.717,1532
1996,Chris Webber,webbech01,WSB,0.35031475872566026,0.34223048055085903,1.23812779891722,0.8644840819899281,-0.1451545137285647,1.7342472530754232,-1.163,-0.742,4460
1996,Reggie Jordan,jordare01,ATL,0.8915110205473337,0.12153855178154324,0.6344951889451329,0.967793002590361,0.4401627741319392,-0.05757566911836426,-4.081,3.844,2037
1996,Thomas Hamilton,hamilth01,BOS,1.9322730625120903,0.941251430067573,-1.1764026409711283,-1.7182389330208918,4.4203203315833655,1.6106732584413688,5.804,-6.644,126
1996,Anthony Bonner,bonnean01,ORL,2.1404254709050425,3.258516682145388,0.030862578973045916,2.000882208594689,-0.8475352591611692,0.5808899698242496,5.513,6.079,422
1996,Darrell Armstrong,armstda01,ORL,-1.3149045084179507,-1.2814315668233924,1.7040898136325158,6.236547953212434,-0.8475352591611692,4.329301140390564,-6.472,-5.929,118
1996,Donnie Boyce,boycedo01,ATL,1.5784139682440734,0.20035709777058458,0.04145262476202986,2.310808970395987,0.2645675877737879,2.249138897383983,3.552,-5.632,3586
1996,Bob Thornton,thornbo01,WSB,3.514231366298521,1.3511078692105882,-1.398793602539792,0.038012717186465726,-0.8475352591611692,-1.2727199496865649,6.142,5.54,41
1996,Reggie Slater,slatere01,DEN,1.4535225232083027,0.6417409553092162,0.1473530826518697,0.3479394789877642,0.7913531468482413,1.3429296034009175,5.099,-5.111,4110
1996,Howard Nathan,nathaho01,ATL,-1.3149045084179507,-2.1641992819006552,1.9370708209901628,9.335815571225416,-0.8475352591611692,3.320113517545786,-6.969,-5.804,93
1996,Mike Peplowski,peplomi01,MIL,0.7666195755115629,2.7540779878155237,0.30620376948662964,2.827353573398152,6.644526025453279,1.6312689242137113,-5.815,-6.461,7674
1996,John Coker,cokerjo01,PHO,3.139557031191208,-2.1641992819006552,0.8462961047248126,-1.7182389330208918,3.1326222982902565,0.828037959092358,5.398,-6.473,67
1996,Charles Claxton,claxtch01,BOS,5.179450633442132,-2.1641992819006552,-1.398793602539792,-1.7182389330208918,5.005637619443869,0.3131463147837984,6.035,-6.993,44
1997,Grant Hill,hillgr01,DET,-0.27414246645319384,1.4772175427930543,2.413622881494442,0.967793002590361,-0.08662278494251427,1.6518645899860533,-4.444,5.655,4783
1997,Karl Malone,malonka01,UTA,0.45439096292213593,1.650618343968945,1.1957676157612842,0.3479394789877642,-0.08662278494251427,2.6610522128308305,5.146,3.535,4456
1997,Hakeem Olajuwon,olajuha01,HOU,0.2254233136898895,1.1461796496390806,0.3167938152756134,0.45124839958819707,1.786392536211098,2.0019909081158738,3.424,-5.655,4000
1997,Vlade Divac,divacvl01,CHH,0.8915110205473337,0.9885425576609979,0.45446441053240527,0.3479394789877642,1.903455993783199,-0.05757566911836426,-2.89,-3.918,2821
1997,Charles Barkley,barklch01,HOU,1.3702615598511219,2.2023481658922344,0.782755829990909,0.14132163778689863,-0.3207497000867158,0.7456552960029887,5.514,5.751,2530
1997,Shaquille O'Neal,onealsh01,LAL,1.0996634289402851,1.9186014003316854,0.43328431895443736,-0.4785318858156983,2.5473050104297528,2.3727128920180367,5.413,-5.754,3447
1997,Nate McMillan,mcmilna01,SEA,-0.8361539691141625,0.2791756437596259,1.333438211018076,2.310808970395987,-0.49634488644486696,-1.4168896100929615,-6.027,6.07,95
1997,Mark Strickland,stricma01,MIA,1.3078158373332365,0.35799418974866726,-1.2717130530719842,-0.2719140446148327,2.1375829089274,1.0545902825881246,5.227,-6.222,98
1997,David Robinson,robinda01,SAS,1.80738161747632,2.0920022015075763,-0.18093833680663376,0.5545573201886299,1.0840117907784932,2.8670088705542542,5.796,-5.525,5723
1997,Ashraf Amaya,amayaas01,WSB,1.9530883033513857,1.9974199463207267,-1.0916822746592563,0.8644840819899281,0.08897240141563689,0.02480699397100535,5.565,4.585,185
1997,Reggie Jordan,jordare01,POR,1.5159682457261878,0.04272000579250191,0.34856395264256546,1.071101923190794,0.4986945029179894,-1.4168896100929615,-4.214,5.084,176
1997,Shawnelle Scott,scottsh01,CLE,2.9522198636375525,1.177707068034697,-1.398793602539792,-1.7182389330208918,2.3131780952855516,0.9516119537264126,6.271,-6.059,106
1997,Antonio Harvey,harvean01,SEA,0.6209128896364972,3.668373121288403,-0.678670488888881,-1.7182389330208918,6.878652940597481,1.6106732584413688,5.241,-6.514,194
1997,Devin Gray,grayde01,SAC,1.5575987274047782,2.296930421079084,-0.06444783312780998,4.790223064806375,-0.8475352591611692,1.384120934945602,-4.55,5.341,489
1997,Matt Steigenga,steigma01,CHI,-1.3149045084179507,2.2181118750900426,0.9627866084036366,2.827353573398152,2.839963654360005,0.41612464364551033,-6.161,-2.322,209
1997,Larry Krystkowiak,krystla01,LAL,3.035480826994733,2.691023151024291,2.9325351251546574,8.199417444620657,-0.8475352591611692,-0.9225936315567446,-6.279,6.81,312
1997,Matt Fish,fishma01,WSB,2.2236864342622225,8.224085079454992,-1.398793602539792,-1.7182389330208918,-0.8475352591611692,0.6426769671412769,6.857,6.759,100
1998,Grant Hill,hillgr01,DET,-0.6280015607212112,0.8781965932763401,1.9370708209901628,0.7611751613894953,-0.1451545137285647,1.466503598034972,-4.721,5.215,2957
1998,Karl Malone,malonka01,UTA,0.4127604812435458,1.7452005991557948,0.8145259673578605,0.038012717186465726,0.1475041302016872,2.434499889335064,5.295,-1.308,3565
1998,David Robinson,robinda01,SAS,1.1829243922974657,1.5717997979799037,0.28502367790866157,-0.2719140446148327,2.3717098240716017,1.9813952423435317,5.254,-5.726,4344
1998,Charles Barkley,barklch01,HOU,1.3702615598511219,2.3757489670681253,0.35915399843154955,0.038012717186465726,-0.3207497000867158,0.4985073067348803,5.62,5.75,1826
1998,Shaquille O'Neal,onealsh01,LAL,0.9955872247438093,1.6190909255733286,0.030862578973045916,-0.7884586476169966,1.8449242649971482,2.702243544375515,5.709,-5.874,1464
1998,Vlade Divac,divacvl01,CHH,1.2661853556546463,1.3353441600127796,0.27443363211967764,0.8644840819899281,1.3766704347087453,-0.05757566911836426,3.114,3.6,3664
1998,Ben Wallace,wallabe01,WAS,0.9747719839045144,1.3353441600127796,-1.1552225493931605,1.1744108437912264,1.8449242649971482,-1.643441933588728,-4.261,-1.281,53
1998,Patrick Ewing,ewingpa01,NYK,0.4127604812435458,2.454567513057167,-0.678670488888881,-0.6851497270165638,2.254646366499501,2.1873519000669557,5.576,-5.791,631
1998,Jamie Feick,feickja01,MIL,1.2037396331367607,1.2407619048259304,-0.8163410841456729,1.381028684992092,0.7913531468482413,-1.0667632919631411,-2.175,4.462,259
1998,Mario Bennett,bennema01,LAL,2.7856979369231913,1.0831248128478477,-0.4456894815312334,1.1744108437912264,0.4401627741319392,0.6220813013689341,5.512,-3.97,2642
1998,Jason Lawson,lawsoja01,ORL,1.07884818810099,2.344221548672509,-0.2656587031185057,1.1744108437912264,1.2596069771366445,-1.0255719604184566,2.041,5.425,831
1998,Horacio Llamas Grey,llamaho01,PHO,1.058032947261695,3.826010213266486,-0.9751917709804325,-0.4785318858156983,2.1961146377134506,2.3109258947010094,5.993,-5.317,551
1998,James Cotton,cottoja02,SEA,0.2254233136898895,0.07424742418811833,-1.398793602539792,-0.06529620341396693,0.4986945029179894,3.8967921591713734,5.612,-6.553,73
1998,Etdrick Bohannon,bohanet01,IND,3.4934161254592264,4.409267453585392,-0.09621797049476181,-1.7182389330208918,6.70305775423933,0.23076365169442917,6.049,-5.775,250
1998,Shea Seals,sealssh01,LAL,6.740593696389267,-0.22526305057023852,-1.398793602539792,4.170369541203778,-0.8475352591611692,6.512441712258855,6.529,-6.795,147
1999,Grant Hill,hillgr01,DET,-0.4198491523282598,0.8781965932763401,2.1594617825588265,0.7611751613894953,-0.1451545137285647,1.7960342503924498,-4.456,5.14,3879
1999,Kevin Garnett,garneke01,MIN,0.7041738529936774,1.3038167416171633,0.8568861505137968,0.6578662407890624,1.2010752483505942,1.7136515873030806,3.982,-4.536,6746
1999,Shaquille O'Neal,onealsh01,LAL,1.411892041529712,1.3983989968040131,0.1261729910739018,-0.5818408064161309,1.2010752483505942,2.6816478786031723,5.823,-5.669,2318
1999,Shawn Kemp,kempsh01,CLE,1.058032947261695,1.3038167416171633,0.17912322001882172,0.14132163778689863,0.6157579604900902,1.7548429188477652,5.327,-4.698,4489
1999,Ron Harper,harpero01,CHI,-0.27414246645319384,0.15306597017715967,0.782755829990909,1.381028684992092,0.5572262317040398,0.45731597519019496,-5.313,-2.361,2302
1999,Tracy McGrady,mcgratr01,TOR,1.2661853556546463,0.46834015413332497,0.6239051431561492,0.8644840819899281,1.786392536211098,0.4985073067348803,-3.497,-4.991,4277
1999,Malik Rose,rosema01,SAS,2.3693931201372886,0.35799418974866726,-0.5092297562651372,2.000882208594689,0.6157579604900902,0.8486336248647006,4.532,-5.293,1744
1999,Keith Booth,boothke01,CHI,0.0380861461362332,0.9097240116719566,0.38033409000951746,1.1744108437912264,0.2645675877737879,0.47791164096253763,-4.35,4.221,2546
1999,Corie Blount,blounco01,CLE,1.1621091514581705,1.6821457623645615,-0.9116514962465287,1.071101923190794,0.6742896892761407,-1.0049762946461138,4.022,4.912,219
1999,Nazr Mohammed,mohamna01,PHI,2.2236864342622225,0.7678506288916824,-1.0810922288702725,0.5545573201886299,0.6742896892761407,0.6220813013689341,5.552,-5.289,239
1999,Jerome James,jamesje01,SAC,1.8281968583156145,2.170820747496618,-0.9540116794024645,0.7611751613894953,4.478852060369415,2.805221873237227,5.195,-6.612,1385
1999,Bonzi Wells,wellsbo01,POR,1.5367834865654828,0.34223048055085903,0.8568861505137968,-0.1686051240143998,0.3816310453458888,4.185131479984166,5.817,-6.025,2864
1999,Scott Williams,willisc01,MIL,0.43357572208284084,4.298921489200734,-1.398793602539792,0.24463055838733128,0.7913531468482413,2.805221873237227,6.005,-4.458,130
1999,Ben Davis,davisbe01,NYK,9.613096932211995,-0.46171868853736253,3.154926086723321,-1.7182389330208918,-0.8475352591611692,5.915167404860926,7.163,-5.676,210
1999,Mario Bennett,bennema01,CHI,1.1621091514581705,0.925487720869765,-1.398793602539792,1.2777197643916594,-0.8475352591611692,0.6220813013689341,5.188,-3.447,91
1999,Korleone Young,youngko01,DET,2.0571645075478613,0.42104902653990006,0.5921350057891972,-1.7182389330208918,-0.8475352591611692,3.752622498764976,6.397,-5.45,198
1999,Gary Grant,grantga01,POR,-1.3149045084179507,-2.1641992819006552,4.923463733483647,6.236547953212434,-0.8475352591611692,-1.9935682517185482,-7.063,6.532,28
1999,Peter Aluma,alumape01,SAC,3.0979265495126183,1.1461796496390806,-1.398793602539792,8.612653127022387,6.585994296667228,0.18957232014974457,-6.613,-6.759,172
2000,Shaquille O'Neal,onealsh01,LAL,1.07884818810099,1.7452005991557948,0.645085234734117,-1.0983854094182952,2.254646366499501,2.4550955551074067,5.648,-5.653,679
2000,Karl Malone,malonka01,UTA,0.16297759117200394,1.7294368899579864,0.8145259673578605,-0.2719140446148327,0.2645675877737879,2.4962868866520913,5.307,-3.318,2166
2000,Vladimir Stepania,stepavl01,SEA,1.0372177064224,0.09001113338592681,-1.1552225493931605,0.8644840819899281,1.3766704347087453,0.9310162879540699,4.066,-6.026,109
2000,Tim James,jamesti01,MIA,1.994718785029976,-1.4075412404058585,0.32738386106459755,-1.7182389330208918,4.712978975513616,3.072965528277678,5.316,-6.991,96
2000,Ben Davis,davisbe01,PHO,1.9114578216727955,2.533386059046208,-0.0009075583939061128,0.6578662407890624,1.0840117907784932,-0.8608066342397173,5.049,5.648,1324
2000,Mario Bennett,bennema01,LAC,6.178582193728299,3.904828759255527,-1.398793602539792,-1.7182389330208918,-0.8475352591611692,5.812189075999214,7.236,-5.711,172
2001,Tracy McGrady,mcgratr01,ORL,0.0797166278148235,0.09001113338592681,1.0157368373485565,0.24463055838733128,0.7913531468482413,2.516882552424433,3.199,-5.601,3244
2001,Jason Kidd,kiddja01,PHO,-0.6280015607212112,0.23188451616620098,2.9643052625216098,1.1744108437912264,-0.5548766152309174,0.47791164096253763,-5.584,5.996,1901
2001,Shaquille O'Neal,onealsh01,LAL,1.0372177064224,1.7452005991557948,0.5921350057891972,-0.8917675682174293,2.0205194513553,2.4962868866520913,5.618,-5.591,1256
2001,Chris Webber,webbech01,SAC,0.14216235033270888,1.3195804508149718,0.782755829990909,0.038012717186465726,0.7913531468482413,2.5580738839691186,4.841,-5.035,3316
2001,Vladimir Stepania,stepavl01,NJN,1.5992292090833684,2.7540779878155237,-0.4033292983752974,0.24463055838733128,0.8498848756342917,0.10718965706037459,5.55,5.146,2555
2001,Jamie Feick,feickja01,NJN,0.5584671671186116,3.3373352281344295,-0.8481112215126246,1.1744108437912264,0.030440672629586465,-1.5610592704993584,4.236,6.201,56
2001,Scott Padgett,padgesc01,UTA,2.6191760102088297,0.8466691748807237,-0.7104406262558329,0.8644840819899281,0.2645675877737879,0.5396986382795649,5.591,-4.416,1056
2001,Ricky Davis,davisri01,MIA,-0.9610454141499333,-0.5563009437242123,1.8841205920452428,2.310808970395987,0.4401627741319392,1.301738271856233,-6.009,-3.945,1139
2001,Will Perdue,perduwi01,POR,1.3494463190118269,1.6033272163755201,-0.8375211757236408,1.1744108437912264,0.6742896892761407,-1.5610592704993584,3.36,5.315,115
2001,Stanislav Medvedenko,medvest01,LAL,-0.7112625240783917,1.4456901243974374,-0.2550686573295216,-0.3752229652152654,0.20603585898773763,3.8350051618543453,5.455,-5.858,394
2001,Art Long,longar01,SAC,0.9955872247438093,2.8013691154089484,-0.721030672044817,-1.7182389330208918,5.005637619443869,-1.1079546235078257,4.961,-5.41,78
2002,Tim Duncan,duncati01,SAS,0.6833586121543823,1.9186014003316854,0.5391847768442772,-0.6851497270165638,1.6693290786389972,1.8784169134818198,5.381,-4.902,1734
2002,Jason Kidd,kiddja01,NJN,-0.3365881889710792,0.5471587001223663,3.101975857778401,1.381028684992092,-0.5548766152309174,0.436720309417853,-5.525,6.136,2319
2002,Karl Malone,malonka01,UTA,-0.1492510214174231,1.2565256140237384,0.9098363794587166,1.071101923190794,0.030440672629586465,1.7960342503924498,-2.856,3.752,3867
2002,Ben Wallace,wallabe01,DET,1.3702615598511219,2.3915126762659336,-0.7422107636227849,0.8644840819899281,3.0740905695042064,-1.396293944320619,-2.851,-1.504,355
2002,Shaquille O'Neal,onealsh01,LAL,0.9331415022259242,1.2407619048259304,0.3379739068535813,-0.7884586476169966,1.5522656210668964,2.5580738839691186,5.593,-5.74,1370
2002,Michael Jordan,jordami01,WAS,-0.7528930057569819,0.38952160814428366,1.8629405004672754,0.5545573201886299,-0.3207497000867158,3.3407091833181286,-3.105,-4.554,2120
2002,Chris Webber,webbech01,SAC,0.32949951788636517,1.0043062668588063,0.9204264252477005,0.5545573201886299,0.5572262317040398,1.960799576571189,3.968,-4.3,5060
2002,Jeff Trepagnier,trepaje01,CLE,-0.3574034298103745,-0.020334830998731214,1.1322273410273802,3.9637517000029123,1.3766704347087453,-0.13995833220773385,-6.34,-2.791,1673
2002,Randy Brown,brownra02,BOS,-1.3149045084179507,-2.1641992819006552,3.5149876435487766,-1.7182389330208918,6.7615894830253795,-1.7670159282227822,-6.509,-6.103,27
2003,Kobe Bryant,bryanko01,LAL,-0.5863710790426209,0.2476482253640095,1.4816988520638517,1.1744108437912264,-0.02809105615646397,2.6610522128308305,-4.647,-4.716,3138
2003,Kevin Garnett,garneke01,MIN,0.47520620376143097,2.3284578394747006,1.333438211018076,0.14132163778689863,0.7913531468482413,1.466503598034972,4.77,5.153,4892
2003,Tim Duncan,duncati01,SAS,0.7458043346722679,2.1392933291010015,0.666265326312085,-0.7884586476169966,2.1961146377134506,1.693055921530738,5.313,-4.896,1467
2003,Paul Pierce,piercpa01,BOS,-0.5239253565247355,0.6259772461114077,1.163997478394332,0.7611751613894953,0.08897240141563689,2.619860881286145,-3.398,-4.732,2890
2003,Jason Kidd,kiddja01,NJN,-0.4406643931675549,0.21612080696839278,3.0702057204114497,1.484337605592525,-0.49634488644486696,1.0751859483604664,-5.551,5.807,3152
2003,Tracy McGrady,mcgratr01,ORL,-0.3574034298103745,0.13730226097935144,1.7782201341554031,0.5545573201886299,0.030440672629586465,3.2995178517734445,-2.38,-5.16,3606
2003,Karl Malone,malonka01,UTA,-0.31577294813178414,1.0673611036500392,1.1851775699723,0.8644840819899281,-0.37928142887276617,1.7136515873030806,-3.011,4.732,2898
2003,Ben Wallace,wallabe01,DET,1.1621091514581705,3.3373352281344295,-0.668080443099897,0.3479394789877642,2.6058367392158037,-1.540463604727016,4.323,5.285,257
2003,Chris Webber,webbech01,SAC,0.12134710949341382,1.161943358836889,1.2063576615502682,0.3479394789877642,0.4401627741319392,2.1873519000669557,4.151,-3.487,4387
2003,Arvydas Sabonis,sabonar01,POR,0.5168366854400215,1.7294368899579864,0.645085234734117,1.071101923190794,0.9669483332063926,0.06599832551568997,-3.857,5.108,3318
2003,Robert Traylor,traylro01,NOH,1.724120654119139,1.1934707772325055,-0.3715591610083456,1.1744108437912264,0.9669483332063926,-0.2841279926141304,4.272,2.89,2042
2003,Marcus Camby,cambyma01,DEN,1.4951530048868926,1.9974199463207267,0.1261729910739018,0.038012717186465726,2.1961146377134506,0.354337646328483,4.999,-3.976,4331
2003,Tierre Brown,brownti01,CLE,-0.23251198477460353,0.18459338857277635,3.0066654456775455,2.4141178909964203,-0.8475352591611692,0.12778532283271726,-5.881,6.174,482
2003,Danny Manning,mannida01,DET,0.6000976487972017,0.18459338857277635,0.1685331742298378,4.067060620603344,0.6157579604900902,0.5191029725072223,-5.863,-4.572,2812
2003,Pepe Sanchez,sanchpe01,DET,1.3078158373332365,-1.1395581840431181,1.9794310041460987,6.029930112011568,-0.8475352591611692,-1.9935682517185482,-6.532,6.113,40
2003,Tito Maddox,maddoti01,HOU,-0.6071863198819161,0.8781965932763401,1.0157368373485565,3.0339714145990166,0.32309931655983837,0.8692292906370426,-5.843,4.465,2380
2003,Mikki Moore,mooremi01,ATL,2.6608064918874206,-1.0449759288562686,0.4438743647434211,-1.7182389330208918,1.786392536211098,1.6518645899860533,5.88,-6.206,114
2003,Zendon Hamilton,hamilze01,TOR,0.5792824079579066,2.5176223498483994,-1.398793602539792,2.930662493998584,-0.8475352591611692,1.2811426060838902,4.221,4.441,114
2003,Jamal Sampson,sampsja01,MIL,1.724120654119139,0.15306597017715967,0.32738386106459755,5.100149826607673,-0.8475352591611692,-0.9431892973290869,-5.864,5.632,144
2003,Donny Marshall,marshdo02,NJN,-1.3149045084179507,6.836878670047865,-1.398793602539792,-1.7182389330208918,-0.8475352591611692,1.3223339376285757,6.331,6.412,73
2003,Ruben Boumtje-Boumtje,boumtru01,POR,3.722383774691472,-2.1641992819006552,1.4181585773299479,9.335815571225416,-0.8475352591611692,-1.437485275865304,-6.648,5.244,42
2004,Kevin Garnett,garneke01,MIN,0.5792824079579066,2.5649134774418245,1.1851775699723,0.3479394789877642,1.493733892280846,2.1255649027499284,4.826,2.833,6579
2004,Ben Wallace,wallabe01,DET,1.2870005964939413,1.8555465635404524,-0.5833600767880252,0.967793002590361,2.722900196787904,-0.5724673134269238,-2.477,-4.688,1561
2004,Tim Duncan,duncati01,SAS,0.8082500571901531,2.186584456694426,0.4438743647434211,-0.3752229652152654,2.254646366499501,2.084373571205244,5.288,-5.349,3499
2004,Jason Kidd,kiddja01,NJN,-0.46147963400685016,0.43681273573770857,3.3455469109250324,1.071101923190794,-0.6134083440169676,0.8898249564093853,-5.414,6.065,2186
2004,Vlade Divac,divacvl01,SAC,0.10053186865411856,0.2949393529574341,1.6405495388986113,-0.3752229652152654,0.4986945029179894,-0.20174532952476115,-4.02,5.307,727
2004,Kevin Willis,willike02,SAS,1.0164024655831045,0.6890320829026411,-0.8163410841456729,1.381028684992092,0.20603585898773763,0.9310162879540699,4.332,-5.049,597
2004,Kendrick Perkins,perkike01,BOS,2.161240711744337,2.3915126762659336,0.4438743647434211,-1.7182389330208918,1.7278608074250479,1.7342472530754232,6.187,-4.354,335
2004,Ndudi Ebi,ebind01,MIN,0.24623855452918456,-1.6282331691751744,0.3167938152756134,-1.7182389330208918,4.478852060369415,1.4459079322626294,-3.98,-6.788,62
2004,Damone Brown,brownda02,NJN,3.035480826994733,0.026956296594693695,-1.398793602539792,4.790223064806375,-0.8475352591611692,2.8464132047819115,4.401,-6.025,131
2004,Ryan Humphrey,humphry01,MEM,2.910589381958962,-0.5247735253285957,0.07322276212898189,3.2405892557998826,-0.8475352591611692,0.04540265974334729,-2.96,3.782,196
2005,LeBron James,jamesle01,CLE,-0.5239253565247355,0.5156312817267499,2.0853314620359384,1.1744108437912264,-0.203686242514615,2.063777905432901,-4.912,4.519,3809
2005,Tracy McGrady,mcgratr01,HOU,-0.7528930057569819,0.16882967937496815,1.6299594931096277,0.6578662407890624,-0.08662278494251427,2.4756912208797486,-4.466,-4.295,2188
2005,Kevin Garnett,garneke01,MIN,0.6625433713150872,2.596440895837441,1.4711088062748678,0.45124839958819707,0.6742896892761407,1.569481926896684,4.814,5.413,6603
2005,Shaquille O'Neal,onealsh01,MIA,1.2661853556546463,1.4299264151996294,0.2638435863306935,-0.8917675682174293,2.07905118014135,2.166756234294613,5.633,-5.748,1231
2005,Jason Kidd,kiddja01,NJN,-0.3574034298103745,0.9570151392653815,2.9007649877877055,1.071101923190794,-0.671940072803018,0.3955289778731684,-5.235,6.229,1521
2005,Larry Hughes,hughela01,WAS,-0.6071863198819161,0.23188451616620098,0.9204264252477005,2.2075000497955544,-0.49634488644486696,1.569481926896684,-5.364,2.37,1676
2005,Tim Duncan,duncati01,SAS,0.9123262613866288,2.2811667118812755,0.30620376948662964,-0.5818408064161309,2.4887732816437027,2.063777905432901,5.429,-5.488,2585
2005,Chris Webber,webbech01,SAC,-0.0035443355423571124,1.5560360887820956,1.4605187604858838,0.45124839958819707,-0.02809105615646397,2.1255649027499284,4.22,4.733,4155
2005,Jermaine O'Neal,onealje01,IND,0.0797166278148235,1.5087449611886707,-0.0432677415498419,-0.7884586476169966,1.7278608074250479,3.278922186001102,5.493,-6.075,612
2005,Andrei Kirilenko,kirilan01,UTA,0.35031475872566026,0.31070306215524235,0.4438743647434211,1.071101923190794,4.127661687653113,0.41612464364551033,-5.581,-6.142,2975
2005,Donnell Harvey,harvedo01,NJN,1.7657511357977298,3.841773922464294,-0.2338885657515537,1.7942643673938232,2.1375829089274,-1.0461676261907988,3.754,5.734,1188
2005,Jackie Butler,butleja01,NYK,-1.3149045084179507,-2.1641992819006552,-1.398793602539792,9.232506650624984,-0.8475352591611692,5.8533804075438995,-6.632,-6.957,64
2006,LeBron James,jamesle01,CLE,-0.7737082465962771,0.5313949909245584,2.074741416246954,0.3479394789877642,0.030440672629586465,2.8464132047819115,-3.902,-3.532,2057
2006,Chris Paul,paulch01,NOK,-0.7945234874355722,0.16882967937496815,2.64660388885209,1.7942643673938232,-0.7304718015890685,0.6220813013689341,-5.756,5.884,964
2006,Andrei Kirilenko,kirilan01,UTA,0.2254233136898895,0.7363232104960654,0.7721657842019248,0.45124839958819707,3.2496857558623575,0.14838098860505922,-5.195,-5.448,2457
2006,Marcus Camby,cambyma01,DEN,0.43357572208284084,3.085115880969497,-0.3186089320634256,0.5545573201886299,3.5423443997926096,0.23076365169442917,-2.14,-4.823,2173
2006,Tracy McGrady,mcgratr01,HOU,-0.6696320423998015,0.5471587001223663,1.6511395846875956,0.14132163778689863,0.2645675877737879,3.196539522911732,2.425,-5.048,2002
2006,Chuck Hayes,hayesch01,HOU,1.7865663766370246,1.634854634771137,-0.9116514962465287,0.967793002590361,0.3816310453458888,-1.0461676261907988,4.933,5.142,200
2006,Jamal Sampson,sampsja01,SAC,1.8490120991549102,3.9205924684533358,0.8039359215688768,-1.7182389330208918,3.5423443997926096,-1.4168896100929615,5.582,5.766,97
2006,Julius Hodge,hodgeju01,DEN,2.4110236018158786,-1.0607396380540768,1.7040898136325158,1.484337605592525,-0.8475352591611692,1.2811426060838902,4.126,3.285,337
2006,Martynas Andriuskevicius,andrima01,CLE,1.391076800690417,4.1097569788270345,-1.398793602539792,10.575522618430611,-0.8475352591611692,-2.281907572531342,-6.573,6.574,24
2006,Bryon Russell,russebr01,DEN,-1.3149045084179507,3.904828759255527,3.176106178301289,-1.7182389330208918,-0.8475352591611692,-3.3322865269208033,-3.882,7.23,22
2007,Kevin Garnett,garneke01,MIN,0.24623855452918456,2.691023151024291,0.666265326312085,-0.06529620341396693,1.0254800619924431,1.6518645899860533,5.104,4.434,3202
2007,Josh Smith,smithjo03,ATL,0.2254233136898895,1.1461796496390806,0.32738386106459755,0.3479394789877642,2.722900196787904,0.828037959092358,-4.206,-5.543,3202
2007,Tracy McGrady,mcgratr01,HOU,-0.7737082465962771,0.12153855178154324,2.572473568329202,0.24463055838733128,-0.203686242514615,3.072965528277678,-4.119,-3.114,1902
2007,Dwyane Wade,wadedw01,MIA,-0.6488168015605063,-0.39866385174612967,2.8901749419987213,1.381028684992092,0.6157579604900902,2.722839210147857,-5.573,-4.651,3264
2007,Amir Johnson,johnsam01,DET,1.6824901724405488,1.161943358836889,-0.9646017251914486,0.5545573201886299,3.893534772508912,-0.24293666106944578,2.588,-6.049,678
2007,Kelvin Cato,catoke01,NYK,1.8490120991549102,1.5402723795842872,-1.398793602539792,0.038012717186465726,4.069129958867063,-0.6548499765162934,4.532,-5.996,94
2007,Alvin Williams,willial02,LAC,1.2037396331367607,-2.1641992819006552,2.9537152167326255,9.232506650624984,-0.8475352591611692,0.23076365169442917,-6.914,5.154,82
2007,James Augustine,augusja01,ORL,2.431838842655174,3.258516682145388,3.779738788273376,-1.7182389330208918,-0.8475352591611692,0.7662509617753307,6.154,6.772,252
2008,Tim Duncan,duncati01,SAS,0.9123262613866288,2.296930421079084,0.2638435863306935,-0.5818408064161309,1.6693290786389972,1.8166299161647925,5.558,-4.739,2405
2008,Manu Ginobili,ginobma01,SAS,-0.6280015607212112,0.15306597017715967,1.3969784857519798,0.967793002590361,-0.203686242514615,1.7136515873030806,-4.843,1.775,2584
2008,Dwyane Wade,wadedw01,MIA,-0.7528930057569819,-0.5090098161307874,2.572473568329202,0.7611751613894953,0.030440672629586465,2.3727128920180367,-5.244,-3.752,2202
2008,Justin Williams,williju01,SAC,2.7648826960838964,2.359985257870317,-1.398793602539792,0.5545573201886299,1.0840117907784932,-0.5312759818822392,5.797,3.932,89
2008,Marcin Gortat,gortama01,ORL,3.5766770888164063,1.2407619048259304,-0.5092297562651372,-0.3752229652152654,0.20603585898773763,0.8898249564093853,6.25,-3.82,1263
2008,Josh McRoberts,mcrobjo01,POR,0.43357572208284084,3.116643299365114,0.05204267055101381,0.3479394789877642,-0.8475352591611692,0.14838098860505922,5.359,6.163,218
2008,Shavlik Randolph,randosh01,PHI,6.8446699005857425,-0.7612291632957197,0.48623454789935733,0.3479394789877642,4.361788602797315,1.4870992638073142,6.097,-6.621,1200
2008,Ian Mahinmi,mahinia01,SAS,-1.3149045084179507,1.8240191451448362,-0.4456894815312334,-1.7182389330208918,6.878652940597481,3.5054745094968687,-2.76,-7.007,111
2009,LeBron James,jamesle01,CLE,-0.4198491523282598,0.8309054656829152,2.625423797274122,0.7611751613894953,0.5572262317040398,2.8670088705542542,-4.536,1.589,4493
2009,Dwyane Wade,wadedw01,MIA,-0.5863710790426209,-0.241026759768047,2.868994850420753,1.381028684992092,0.7913531468482413,3.2583265202287595,-5.438,-5.165,3830
2009,Chris Paul,paulch01,NOH,-0.7320777649176868,0.13730226097935144,4.372781352456479,2.310808970395987,-0.671940072803018,1.569481926896684,-6.004,6.094,1762
2009,Jason Kidd,kiddja01,DAL,-0.6071863198819161,0.42104902653990006,2.2759522862376507,1.2777197643916594,-0.26221797130066543,-1.1491459550525107,-5.789,6.223,272
2009,Dwight Howard,howardw01,ORL,1.5575987274047782,2.4860949314527834,-0.6257202599439611,-0.2719140446148327,2.6058367392158037,1.2399512745392056,5.603,-5.498,2498
2009,Manu Ginobili,ginobma01,SAS,-0.7945234874355722,0.5629224093201748,1.0475069747155086,1.2777197643916594,-0.26221797130066543,1.5282905953519994,-4.962,3.766,1586
2009,Adonal Foyle,foylead01,ORL,2.3693931201372886,2.832896533804565,-1.1128623662372243,-1.7182389330208918,4.830042433085717,-1.1285502892801684,5.734,-5.496,73
2009,Eddie Gill,gilled01,MIL,-1.3149045084179507,-0.35137272415270476,2.9643052625216098,2.000882208594689,0.2645675877737879,-1.396293944320619,-6.365,6.13,58
2009,Shavlik Randolph,randosh01,POR,5.554124968549444,2.1392933291010015,-1.398793602539792,-1.7182389330208918,0.3816310453458888,0.5396986382795649,6.817,-3.14,97
2009,Mouhamed Sene,senesa01,OKC,1.7657511357977298,2.6594957326286743,-1.398793602539792,0.5545573201886299,2.8984953831460554,0.9928032852710972,5.437,-5.778,172
2009,James White,whiteja02,HOU,-1.3149045084179507,-2.1641992819006552,0.6344951889451329,3.2405892557998826,3.015558840718156,1.0133989510434398,-6.546,-6.525,63
2009,Jerome James,jamesje01,NYK,0.8915110205473337,1.3983989968040131,-1.398793602539792,3.4472070970007485,3.4252809422205086,3.8350051618543453,-4.566,-6.791,178
2009,Demetris Nichols,nichode01,NYK,-1.3149045084179507,1.8082554359470275,-1.398793602539792,-1.7182389330208918,3.893534772508912,2.516882552424433,4.89,-6.601,80
2009,J.R. Giddens,giddejr01,BOS,5.3251573193171975,0.12153855178154324,-1.398793602539792,5.100149826607673,-0.8475352591611692,0.27195498323911377,5.047,-4.465,101
2009,Steven Hill,hillst01,OKC,19.500336330877186,7.073334308014989,-1.398793602539792,-1.7182389330208918,-0.8475352591611692,1.2193556087668638,7.882,6.478,138
2010,LeBron James,jamesle01,CLE,-0.6904472832390965,0.7520869196938739,3.027845537255513,0.5545573201886299,0.32309931655983837,2.722839210147857,-4.782,4.51,2960
2010,Jason Kidd,kiddja01,DAL,-0.9194149324713432,0.2949393529574341,2.4559830646503777,0.967793002590361,-0.3207497000867158,-0.9843806288737715,-5.802,6.21,238
2010,Josh Smith,smithjo03,ATL,0.5584671671186116,0.9570151392653815,0.613315097367165,0.7611751613894953,1.786392536211098,0.5808899698242496,-4.165,-4.591,4412
2010,Dwight Howard,howardw01,ORL,1.1829243922974657,2.769841697013332,-0.4774596188981854,-0.2719140446148327,2.664368468001854,0.6632726329136188,5.341,-4.85,2569
2010,Dwyane Wade,wadedw01,MIA,-0.3782186706496695,-0.4144275609439379,2.4559830646503777,1.071101923190794,0.5572262317040398,2.969987199415966,-5.129,-5.209,3824
2010,Marcus Camby,cambyma01,LAC,1.1829243922974657,3.022061044178264,0.1261729910739018,0.5545573201886299,1.8449242649971482,-1.0255719604184566,4.176,5.657,1010
2010,Renaldo Balkman,balkmre01,DEN,-0.25332722561389875,1.6033272163755201,-0.2762487489074897,2.930662493998584,0.1475041302016872,-1.2521242839142226,-5.688,5.7,150
2010,Othyus Jeffers,jeffeot01,UTA,1.4535225232083027,0.5786861185179827,-1.1764026409711283,1.1744108437912264,-0.8475352591611692,1.4047166007179448,5.435,-4.959,111
2010,Joey Dorsey,dorsejo01,HOU,3.368524680423455,2.691023151024291,-0.8269311299346568,0.24463055838733128,-0.08662278494251427,-1.3345069470035922,6.057,6.0,122
2010,Jason Hart,hartja01,NOH,-1.3149045084179507,0.05848371499031012,2.7948645298978656,1.381028684992092,1.786392536211098,-2.776203551067559,-6.454,6.156,18
2010,Paul Davis,davispa01,WAS,-1.3149045084179507,-2.1641992819006552,6.416660189730388,-1.7182389330208918,4.712978975513616,2.352117226245695,-6.23,-5.845,74
2010,Trey Gilder,gildetr01,MEM,-1.3149045084179507,1.5245086703864787,-1.398793602539792,8.922579888823686,-0.8475352591611692,-1.5198679389546734,-6.816,5.725,36
2011,LeBron James,jamesle01,MIA,-0.6280015607212112,0.7836143380894903,2.2971323778156183,0.45124839958819707,-0.08662278494251427,2.269734563156325,-4.202,4.709,2843
2011,Dwight Howard,howardw01,ORL,1.3078158373332365,2.6594957326286743,-0.678670488888881,0.24463055838733128,2.0205194513553,1.3635252691732602,5.486,-5.153,2595
2011,Reggie Evans,evansre01,TOR,2.265316915940813,3.258516682145388,-0.721030672044817,0.24463055838733128,-0.49634488644486696,-1.705228930905755,5.834,6.365,45
2011,Joey Dorsey,dorsejo01,TOR,2.3277626384586982,1.9028376911338774,-0.615130214154977,0.7611751613894953,0.6157579604900902,-1.0667632919631411,5.295,5.366,501
2011,Jeremy Lin,linje01,GSW,-0.3365881889710792,-0.7612291632957197,0.7615757384129407,4.376987382404644,0.5572262317040398,-0.6960413080609781,-6.415,2.89,302
2011,Hamed Haddadi,haddaha01,MEM,2.202871193422927,2.817132824606757,-0.8904714046685608,-1.0983854094182952,2.839963654360005,0.436720309417853,5.982,-5.114,310
2011,Garrett Temple,templga01,CHA,-1.3149045084179507,0.12153855178154324,1.7994002257333714,2.2075000497955544,0.6742896892761407,0.27195498323911377,-6.125,4.791,165
2011,Devin Ebanks,ebankde01,LAL,1.7865663766370246,-0.4144275609439379,-1.1022723204482405,0.14132163778689863,1.0254800619924431,1.5282905953519994,5.417,-6.214,111
2011,Lance Stephenson,stephla01,IND,-1.1067521000249994,0.40528531734209217,1.5981893557426756,0.14132163778689863,-0.8475352591611692,0.23076365169442917,-4.879,5.774,147
2011,Orien Greene,greenor01,NJN,-1.3149045084179507,-2.1641992819006552,2.6042437056961534,9.335815571225416,-0.8475352591611692,2.166756234294613,-7.051,-4.689,90
2012,John Wall,walljo01,WAS,-0.8569692099534576,-0.2725541781636634,2.5089332935952977,0.45124839958819707,0.20603585898773763,0.807442293320016,-5.484,5.016,1413
2012,Josh Smith,smithjo03,ATL,0.12134710949341382,1.7452005991557948,0.782755829990909,0.45124839958819707,1.3766704347087453,1.8372255819371353,3.669,-4.443,4386
2012,LeBron James,jamesle01,MIA,-0.27414246645319384,0.941251430067573,2.1594617825588265,0.967793002590361,0.1475041302016872,2.3727128920180367,-4.315,4.278,5033
2012,Greg Monroe,monrogr01,DET,1.4535225232083027,1.5560360887820956,0.08381280791796583,0.45124839958819707,0.1475041302016872,0.7868466275476733,5.332,4.47,3722
2012,Dwight Howard,howardw01,ORL,0.9747719839045144,3.053588462573881,-0.3609691152193614,0.45124839958819707,1.7278608074250479,1.2193556087668638,5.292,-3.472,4100
2012,Dwyane Wade,wadedw01,MIA,-0.1492510214174231,-0.33560901495489653,1.4922888978528357,1.071101923190794,0.9669483332063926,2.352117226245695,-4.978,-5.583,3793
2012,Marcus Camby,cambyma01,POR,1.4743377640475976,3.0693521717716896,-0.08562792470577787,0.24463055838733128,1.961987722569249,-1.4580809416376463,4.707,5.719,398
2012,Chris Andersen,anderch01,DEN,1.1621091514581705,1.5087449611886707,-1.2081727783380802,0.3479394789877642,3.483812671006559,-0.6136586449716088,2.595,-5.755,146
2012,Hamed Haddadi,haddaha01,MEM,1.9322730625120903,1.7609643083536026,-0.752800809411769,-1.4083121712195934,5.18123280580202,-0.6342543107439511,5.136,-6.074,133
2012,Hassan Whiteside,whiteha01,SAC,1.8906425808335001,1.6663820531667535,-1.398793602539792,-0.2719140446148327,5.005637619443869,-0.6960413080609781,4.447,-6.207,88
2012,Travis Leslie,leslitr01,LAC,1.9530883033513857,-0.903102546075994,0.40151418158748536,0.7611751613894953,1.318138705922695,0.47791164096253763,2.557,-5.643,631
2012,Kyrylo Fesenko,fesenky01,IND,1.4535225232083027,5.087106949091147,-0.3927392525863134,4.686914144205942,-0.8475352591611692,0.8692292906370426,3.624,6.351,361
2012,Dan Gadzuric,gadzuda01,NYK,0.5168366854400215,3.494972320112512,-1.398793602539792,2.4141178909964203,2.722900196787904,-1.2933156154589072,-4.99,4.414,54
2013,LeBron James,jamesle01,MIA,-0.3990339114889646,1.1146522312434641,2.4559830646503777,0.7611751613894953,0.2645675877737879,2.1255649027499284,-4.511,4.981,4452
2013,Joakim Noah,noahjo01,CHI,1.224554873976056,1.3983989968040131,0.4650544563213894,0.038012717186465726,1.7278608074250479,-0.46948898456521193,4.034,4.319,1889
2013,DeMarcus Cousins,couside01,SAC,0.9539567430652193,2.0920022015075763,0.2214834031747577,0.7611751613894953,0.2645675877737879,1.5488862611243415,5.182,4.13,5103
2013,Tim Duncan,duncati01,SAS,0.20460807285059424,2.5018586406505916,0.24266349475272558,-0.4785318858156983,2.8984953831460554,1.7136515873030806,4.812,-5.437,1645
2013,Kyle Lowry,lowryky01,TOR,-0.6488168015605063,0.34223048055085903,2.2653622404486664,0.8644840819899281,-0.26221797130066543,0.10718965706037459,-5.438,5.827,1706
2013,Reggie Evans,evansre01,BRK,1.9114578216727955,3.826010213266486,-1.0599121372923044,0.3479394789877642,-0.5548766152309174,-1.602250602044043,5.856,6.404,39
2013,John Wall,walljo01,WAS,-0.8153387282748674,-0.39866385174612967,3.2502364988241768,0.45124839958819707,0.20603585898773763,1.775438584620108,-5.445,4.678,1830
2013,Eric Bledsoe,bledser01,LAC,-0.04517481722094742,-0.4144275609439379,1.0898671578714443,2.1041911291951223,0.9084166044203422,0.47791164096253763,-5.745,-4.478,2358
2013,Andre Drummond,drumman01,DET,1.8906425808335001,2.1235296199031928,-0.9646017251914486,0.8644840819899281,2.722900196787904,-0.22234099529710347,4.708,-5.108,865
2013,Anderson Varejao,varejan01,CLE,2.202871193422927,2.580677186639633,0.23207344896374166,0.45124839958819707,-0.08662278494251427,0.06599832551568997,5.708,5.852,2343
2013,Patrick Beverley,beverpa01,HOU,0.18379283201129917,-0.5720646529220206,1.163997478394332,0.967793002590361,0.4401627741319392,-0.7166369738333207,-5.412,4.677,500
2013,Darius Johnson-Odom,johnsda03,LAL,2.6191760102088297,6.300912557322384,0.8992463336697325,-1.7182389330208918,-0.8475352591611692,2.784626207464884,6.787,6.47,295
2013,Henry Sims,simshe01,NOH,8.426628204372172,-2.1641992819006552,-1.398793602539792,-1.7182389330208918,-0.8475352591611692,2.4139042235627213,7.039,-6.444,64
2014,Kevin Durant,duranke01,OKC,-0.8569692099534576,0.7678506288916824,1.4287486231189317,0.038012717186465726,0.030440672629586465,2.6404565470584878,2.197,-4.079,1158
2014,LeBron James,jamesle01,MIA,-0.5655558382033258,0.8151417564851068,1.9900210499350828,0.5545573201886299,-0.37928142887276617,2.1255649027499284,-3.839,4.873,2732
2014,Joakim Noah,noahjo01,CHI,1.0996634289402851,1.69790947156237,1.3969784857519798,0.24463055838733128,1.0840117907784932,-0.13995833220773385,3.699,5.577,3238
2014,Andre Drummond,drumman01,DET,2.3277626384586982,2.2023481658922344,-1.165812595182144,0.3479394789877642,1.493733892280846,-0.26353232684178807,5.633,-3.207,185
2014,Paul Millsap,millspa01,ATL,0.18379283201129917,1.2880530324193546,0.3167938152756134,0.967793002590361,0.6157579604900902,1.2605469403115483,1.224,-3.532,3868
2014,DeMarcus Cousins,couside01,SAC,0.8915110205473337,2.6437320234308657,0.48623454789935733,0.7611751613894953,1.0254800619924431,2.4139042235627213,5.254,-3.661,7153
2014,Russell Westbrook,westbru01,OKC,-0.3574034298103745,0.34223048055085903,2.85840480463177,1.484337605592525,-0.6134083440169676,2.619860881286145,-5.006,4.992,2812
2014,Rajon Rondo,rondora01,BOS,-0.8153387282748674,0.4525764449355171,3.6526582388055684,0.45124839958819707,-0.7304718015890685,0.14838098860505922,-5.496,6.355,631
2014,Hilton Armstrong,armsthi01,GSW,3.2228179945483895,2.7225505694199073,-0.6469003515219292,0.45124839958819707,0.9669483332063926,-0.9019979657844018,5.867,5.511,722
2014,James Southerland,southja01,NOP,-1.3149045084179507,3.3373352281344295,-1.398793602539792,0.24463055838733128,2.781431925573955,1.1369729456774937,-0.875,-5.495,76
2014,Sasha Vujacic,vujacsa01,LAC,-1.3149045084179507,2.911715079793607,-1.398793602539792,3.4472070970007485,-0.8475352591611692,1.2193556087668638,-5.064,4.947,82
2014,Maalik Wayns,waynsma01,LAC,-1.3149045084179507,1.6033272163755201,1.958250912568131,9.749051253627147,-0.8475352591611692,-1.3139112812312495,-7.046,6.554,80
2015,James Harden,hardeja01,HOU,-0.7320777649176868,0.07424742418811833,2.2653622404486664,0.967793002590361,0.08897240141563689,2.146160568522271,-5.18,2.625,2820
2015,Andre Drummond,drumman01,DET,2.4942845651730594,2.580677186639633,-0.9857818167694166,-0.1686051240143998,1.961987722569249,0.7662509617753307,5.955,-4.94,759
2015,LeBron James,jamesle01,CLE,-0.8153387282748674,0.4525764449355171,2.6889640720080257,0.6578662407890624,0.08897240141563689,2.3109258947010094,-5.004,4.52,2297
2015,Russell Westbrook,westbru01,OKC,-0.08680529889953754,0.46834015413332497,3.5785279182826804,1.381028684992092,-0.5548766152309174,3.4436875121798405,-4.639,4.961,3710
2015,Joakim Noah,noahjo01,CHI,1.1621091514581705,1.3195804508149718,1.0369169289265243,-0.4785318858156983,0.6742896892761407,-1.0667632919631411,4.523,5.822,367
2015,DeMarcus Cousins,couside01,SAC,0.9331415022259242,2.6594957326286743,0.7615757384129407,0.6578662407890624,1.493733892280846,2.537478218196776,5.168,-4.327,8014
2015,Kobe Bryant,bryanko01,LAL,-0.8361539691141625,0.43681273573770857,1.7676300883664189,0.3479394789877642,-0.5548766152309174,2.887604536326596,-2.625,-2.815,1245
2015,Hassan Whiteside,whiteha01,MIA,1.9322730625120903,3.3058078097388135,-1.292893144649952,-0.4785318858156983,4.537383789155466,0.5191029725072223,5.602,-5.924,160
2015,Cole Aldrich,aldrico01,NYK,1.0996634289402851,2.3915126762659336,0.009682487395078022,0.3479394789877642,2.3717098240716017,-0.13995833220773385,4.244,3.082,3093
2015,Thomas Robinson,robinth01,PHI,1.9739035441906811,2.596440895837441,-0.15975824522866588,0.3479394789877642,0.20603585898773763,0.9516119537264126,5.825,5.06,3526
2015,Clint Capela,capelca01,HOU,1.2453701148153513,2.8486602430023735,-1.0175519541363685,-1.0983854094182952,3.7179395861507607,0.5602943040519068,5.601,-5.706,214
2015,Lucas Nogueira,noguelu01,TOR,0.7666195755115629,4.945233566310873,-0.7422107636227849,2.930662493998584,-0.8475352591611692,0.6220813013689341,4.959,6.298,203
2015,Jamaal Franklin,frankja01,DEN,0.35031475872566026,-0.8085202908891446,2.074741416246954,-1.7182389330208918,2.664368468001854,-1.972972585946206,-5.137,4.268,30
2015,Jerrelle Benimon,benimje01,UTA,6.740593696389267,9.910801963620475,-1.398793602539792,-1.7182389330208918,-0.8475352591611692,-3.3322865269208033,7.161,7.349,19
2015,Sim Bhullar,bhullsi01,SAC,-1.3149045084179507,3.5895545752993616,6.914392341812635,-1.7182389330208918,14.546309411570082,2.722839210147857,-6.577,-6.721,209
2016,Paul Millsap,#NAME?,ATL,-0.08680529889953754,1.2092344864303133,0.5391847768442772,1.6909554467933903,0.6742896892761407,0.5396986382795649,-5.024,4.197,2850
